Departemen,Fungsi/ Unit Kerja,Pekerjaan,Detail Pekerjaan,Ya/Tidak,Ada Kesulitan?,Tools/Bahasa Pemrograman yang Digunakan (Sebutkan)
Application Quality Improvement Department (QIM),Application Engineering Support (AES),Menyusun dan mengelola kegiatan Analisis performance dan health check untuk aplikasi yang beroperasional aktif.,Menyusun dan mengelola kegiatan analisis performance ,,,
Application Quality Improvement Department (QIM),Application Engineering Support (AES),Menyusun dan mengelola kegiatan Analisis performance dan health check untuk aplikasi yang beroperasional aktif.,Menyusun dan mengelola kegiatan health check,,,
Application Quality Improvement Department (QIM),Application Engineering Support (AES),"Mengelola dan menyusun rekomendasi perubahan konfigurasi aplikasi, parameter aplikasi dan desain aplikasi dari hasil kegiatan analisa performance dan health check.",Mengelola dan menyusun rekomendasi perubahan konfigurasi aplikasi,,,
Application Quality Improvement Department (QIM),Application Engineering Support (AES),"Mengelola dan menyusun rekomendasi perubahan konfigurasi aplikasi, parameter aplikasi dan desain aplikasi dari hasil kegiatan analisa performance dan health check.",Mengelola dan menyusun parameter aplikasi,,,
Application Quality Improvement Department (QIM),Application Engineering Support (AES),"Mengelola dan menyusun rekomendasi perubahan konfigurasi aplikasi, parameter aplikasi dan desain aplikasi dari hasil kegiatan analisa performance dan health check.",Mengelola dan menyusun desain aplikasi,,,
Application Quality Improvement Department (QIM),Application Engineering Support (AES),Mengelola kegiatan investigasi dan menyusun hasil rekomendasi enhancement aplikasi berdasarkan problem management dan incident management yang dilaporkan oleh bagian IT Service desk dan IT Operation.,Mengelola kegiatan investigasi,,,
Application Quality Improvement Department (QIM),Application Engineering Support (AES),Mengelola kegiatan investigasi dan menyusun hasil rekomendasi enhancement aplikasi berdasarkan problem management dan incident management yang dilaporkan oleh bagian IT Service desk dan IT Operation.,Menyusun hasil rekomendasi enhancement aplikasi,,,
Application Quality Improvement Department (QIM),Application Engineering Support (AES),Mengelola kegiatan perbaikan sistem aplikasi sesuai dengan tata kelola pengembangan Sistem Aplikasi TI yang berlaku.,Mengelola kegiatan perbaikan sistem aplikasi,,,
Application Quality Improvement Department (QIM),Application Portfolio & Quality Assurance (APQ),Melaksanakan Quality Assurance dengan memastikan proses pembuatan produk IT sesuai dengan standar dan persyaratan yang telah ditentukan,Melaksanakan Quality Assurance,,,
Application Quality Improvement Department (QIM),Application Portfolio & Quality Assurance (APQ),Melaksanakan dokumentasi portofolio aplikasi IT BRI selaras dengan Enterprise Architecture,Melaksanakan dokumentasi portofolio aplikasi IT BRI,,,
Application Quality Improvement Department (QIM),Application Portfolio & Quality Assurance (APQ),Mengelola IT Change Management untuk perubahan aplikasi,Mengelola IT Change Management,,,
Application Quality Improvement Department (QIM),Application Portfolio & Quality Assurance (APQ),Pengelolaan penggunaan anggaran TI untuk mendukung operasional aplikasi,Pengelolaan penggunaan anggaran TI,,,
Application Operation Services Department (OPA),Branchless & Loan Application Operation Services (BTO),"Melaksanakan dan menyempurnakan SOP untuk housekeeping data, operasional backup dan recovery data, checklist, untuk operasional rutin harian (scheduler, job, service dil), terhadap sistem aplikasi Branchless & Loan di seluruh DC/DRC.",Melaksanakan dan menyempurnakan SOP untuk housekeeping data,,,
Application Operation Services Department (OPA),Branchless & Loan Application Operation Services (BTO),"Melaksanakan dan menyempurnakan SOP untuk housekeeping data, operasional backup dan recovery data, checklist, untuk operasional rutin harian (scheduler, job, service dil), terhadap sistem aplikasi Branchless & Loan di seluruh DC/DRC.",Melaksanakan dan menyempurnakan SOP untuk operasional backup dan recovery data,,,
Application Operation Services Department (OPA),Branchless & Loan Application Operation Services (BTO),"Melaksanakan dan menyempurnakan SOP untuk housekeeping data, operasional backup dan recovery data, checklist, untuk operasional rutin harian (scheduler, job, service dil), terhadap sistem aplikasi Branchless & Loan di seluruh DC/DRC.",Melaksanakan dan menyempurnakan SOP untuk checklist,,,
Application Operation Services Department (OPA),Branchless & Loan Application Operation Services (BTO),"Melaksanakan dan menyempurnakan SOP untuk housekeeping data, operasional backup dan recovery data, checklist, untuk operasional rutin harian (scheduler, job, service dil), terhadap sistem aplikasi Branchless & Loan di seluruh DC/DRC.",Melaksanakan dan menyempurnakan SOP untuk operasional rutin harian,,,
Application Operation Services Department (OPA),Branchless & Loan Application Operation Services (BTO),Melaksanakan monitoring dan troubleshooting insiden sistem aplikasi Branchless & Loan di seluruh DC/DRC.,Melaksanakan monitoring dan troubleshooting insiden sistem aplikasi,,,
Application Operation Services Department (OPA),Branchless & Loan Application Operation Services (BTO),Melaksanakan deployment sistem aplikasi dan tools monitoring untuk Branchless & Loan di seluruh DC/DRC.,Melaksanakan deployment sistem aplikasi dan tools monitoring,,,
Application Operation Services Department (OPA),Branchless & Loan Application Operation Services (BTO),Melaksanakan manajemen konfigurasi dan parameter aplikasi Branchless & Loan di seluruh DC/DRC.,Melaksanakan manajemen konfigurasi dan parameter aplikasi,,,
Application Operation Services Department (OPA),Branchless & Loan Application Operation Services (BTO),Memastikan pencapaian target availability dan reliability aplikasi Branchless & Loan di seluruh DC/DRC secara efektif dalam rangka menunjang kegiatan/transaksi bisnis perbankan BRI serta kegiatan penunjang lainnya yang berbasis TI sesuai dengan ketentuan.,Memastikan pencapaian target availability dan reliability aplikasi,,,
Application Operation Services Department (OPA),Branchless & Loan Application Operation Services (BTO),Melaksanakan proses perbaikan data Branchless & Loan sesuai analisis dari Fungsi QA sesuai SOP perbaikan data yang berlaku.,Melaksanakan proses perbaikan data,,,
Core and Support Application Development Department (CSD),BRI Overseas Platform Development (ORP),"Mengelola fungsi analisis spesifikasi kebutuhan platform Unit Kerja Luar Negeri. ",Mengelola fungsi analisis spesifikasi kebutuhan platform,,,
Core and Support Application Development Department (CSD),BRI Overseas Platform Development (ORP),Mengelola fungsi perancangan (design) platform Unit Kerja Luar Negeri.,Mengelola fungsi perancangan (design) platform,,,
Core and Support Application Development Department (CSD),BRI Overseas Platform Development (ORP),Mengelola fungsi pengembangan (development) dan perbaikan / pengembangan dan perbaikan penyempurnaan platform Unit Kerja Luar Negeri ,"Mengelola fungsi perbaikan, pengembangan dan penyempurnaan platform",,,
Core and Support Application Development Department (CSD),BRI Overseas Platform Development (ORP),Mengelola fungsi pengujian (unit test / unit integrity test) platform Unit Kerja Luar Negeri ,Mengelola fungsi pengujian (unit test / unit integrity test) platform,,,
Core and Support Application Development Department (CSD),BRI Overseas Platform Development (ORP),Mengelola fungsi penyusunan dan penyempurnaan Petunjuk Instalasi dan SOP Pemeliharaan platform Unit Kerja Luar Negeri yang terpadu. ,Mengelola fungsi penyusunan dan penyempurnaan Petunjuk Instalasi,,,
Core and Support Application Development Department (CSD),BRI Overseas Platform Development (ORP),Mengelola fungsi penyusunan dan penyempurnaan Petunjuk Instalasi dan SOP Pemeliharaan platform Unit Kerja Luar Negeri yang terpadu. ,Mengelola fungsi penyusunan dan penyempurnaan SOP Pemeliharaan platform,,,
Core and Support Application Development Department (CSD),BRI Overseas Platform Development (ORP),"Mengelola fungsi persiapan dan pengelolaan environment pengembangan (software, source code beserta dokumentasi sistemnya). ",Mengelola fungsi persiapan dan pengelolaan environment pengembangan,,,
Core and Support Application Development Department (CSD),BRI Overseas Platform Development (ORP),Mengelola fungsi koordinator persiapan kebutuhan hardware dan komponen pendukung untuk environment pengembangan.,Mengelola fungsi koordinator persiapan kebutuhan hardware dan komponen pendukung,,,
Core and Support Application Development Department (CSD),Card Management Platform Development (CDP),"Mengelola fungsi analisis spesifikasi kebutuhan teknis platform, sistem pendukung yang dibutuhkan oleh platform.",Mengelola fungsi analisis spesifikasi kebutuhan platform,,,
Core and Support Application Development Department (CSD),Card Management Platform Development (CDP),Mengelola fungsi perancangan (design) platform card management.,Mengelola fungsi design platform card management.,,,
Core and Support Application Development Department (CSD),Card Management Platform Development (CDP),Mengelola fungsi pengembangan (development) dan perbaikan / penyempurnaan platform card management.,Mengelola fungsi pengembangan dan perbaikan platform card management.,,,
Core and Support Application Development Department (CSD),Card Management Platform Development (CDP),Mengelola fungsi pengujian (unit test & integrity test) platform card management,Mengelola fungsi unit test & integrity test platform card management,,,
Core and Support Application Development Department (CSD),Card Management Platform Development (CDP),"Mengelola fungsi penyusunan dan penyempurnaan User Manual, Petunjuk Instalasi dan SOP Pemeliharaan platform card management yang terpadu.
",Mengelola fungsi penyusunan dan penyempurnaan Petunjuk Instalasi,,,
Core and Support Application Development Department (CSD),Card Management Platform Development (CDP),"Mengelola fungsi persiapan dan pengelolaan environment pengembangan (software, source code beserta dokumentasi sistemnya).",Mengelola fungsi persiapan dan pengelolaan environment pengembangan.,,,
Core and Support Application Development Department (CSD),Card Management Platform Development (CDP),Melakukan koordinasi persiapan kebutuhan hardware dan komponen pendukung untuk environment pengembangan.,Mengkoordinasikan persiapan hardware dan komponen pendukung,,,
Omni Channel Application Development Department (OCD),Cash Management Platform Development (CMP),Mengelola fungsi analisis spesifikasi kebutuhan platform cash management,Mengelola fungsi analisis spesifikasi kebutuhan platform,,,
Omni Channel Application Development Department (OCD),Cash Management Platform Development (CMP),Mengelola fungsi perancangan (design) platform cash management,Mengelola fungsi design platform,,,
Omni Channel Application Development Department (OCD),Cash Management Platform Development (CMP),Mengelola fungsi pengembangan (development) dan perbaikan/ penyempurnaan platform cash management,Mengelola fungsi pengembangan dan perbaikan platform,,,
Omni Channel Application Development Department (OCD),Cash Management Platform Development (CMP),Mengelola fungsi pengujian (unit test/ unit integration test) platform cash management,Mengelola fungsi unit test/unit integration test platform,,,
Omni Channel Application Development Department (OCD),Cash Management Platform Development (CMP),Mengelola fungsi penyusunan dan penyempurnaan user manual platform cash management yang terpadu,Mengelola fungsi penyusunan dan penyempurnaan user manual platform,,,
Omni Channel Application Development Department (OCD),Cash Management Platform Development (CMP),Mengelola fungsi penyusunan dan penyempurnaan petunjuk instalasi platform cash management yang terpadu,Mengelola fungsi penyusunan dan penyempurnaan petunjuk instalasi platform,,,
Omni Channel Application Development Department (OCD),Cash Management Platform Development (CMP),Mengelola fungsi penyusunan dan penyempurnaan SOP pemeliharaan platform cash management yang terpadu,Mengelola fungsi penyusunan dan penyempurnaan SOP pemeliharaan platform,,,
Omni Channel Application Development Department (OCD),Cash Management Platform Development (CMP),"Mengelola fungsi persiapan dan pengelolaan environment pengembangan (software, source code beserta dokumentasi sistemnya)",Mengelola fungsi persiapan dan pengelolaan environment pengembangan,,,
Omni Channel Application Development Department (OCD),Cash Management Platform Development (CMP),Mengelola fungsi koordinasi persiapan kebutuhan hardware dan komponen pendukung untuk environment pengembangan,Mengelola fungsi koordinasi persiapan hardware dan komponen pendukung,,,
Application Operation Services Department (OPA),Core & Host Application Operation Services (CAO),"Melaksanakan dan menyempurnakan SOP untuk housekeeping data, operasional backup dan recovery data, checklist, untuk operasional rutin harian (EOD, scheduler, job, service dll), terhadap aplikasi Core & Host di seluruh DC/DRC.",Melaksanakan dan menyempurnakan SOP untuk housekeeping data,,,
Application Operation Services Department (OPA),Core & Host Application Operation Services (CAO),"Melaksanakan dan menyempurnakan SOP untuk housekeeping data, operasional backup dan recovery data, checklist, untuk operasional rutin harian (EOD, scheduler, job, service dll), terhadap aplikasi Core & Host di seluruh DC/DRC.",Melaksanakan dan menyempurnakan SOP untuk operasional backup dan recovery data,,,
Application Operation Services Department (OPA),Core & Host Application Operation Services (CAO),"Melaksanakan dan menyempurnakan SOP untuk housekeeping data, operasional backup dan recovery data, checklist, untuk operasional rutin harian (EOD, scheduler, job, service dll), terhadap aplikasi Core & Host di seluruh DC/DRC.",Melaksanakan dan menyempurnakan SOP untuk checklist,,,
Application Operation Services Department (OPA),Core & Host Application Operation Services (CAO),"Melaksanakan dan menyempurnakan SOP untuk housekeeping data, operasional backup dan recovery data, checklist, untuk operasional rutin harian (EOD, scheduler, job, service dll), terhadap aplikasi Core & Host di seluruh DC/DRC.",Melaksanakan dan menyempurnakan SOP untuk operasional rutin harian,,,
Application Operation Services Department (OPA),Core & Host Application Operation Services (CAO),Melaksanakan monitoring dan troubleshooting insiden sistem aplikasi Core & Host di seluruh DC/DRC.,Melaksanakan monitoring dan troubleshooting insiden sistem aplikasi,,,
Application Operation Services Department (OPA),Core & Host Application Operation Services (CAO),Melaksanakan deployment System aplikasi dan tools monitoring untuk Core & Host di seluruh DC/DRC. ,Melaksanakan deployment System aplikasi dan tools monitoring,,,
Application Operation Services Department (OPA),Core & Host Application Operation Services (CAO),Melaksanakan manajemen konfigurasi dan Parameter aplikasi Core & Host di seluruh DC/DRC. ,Melaksanakan manajemen konfigurasi dan Parameter aplikasi,,,
Application Operation Services Department (OPA),Core & Host Application Operation Services (CAO),Memastikan pencapaian target availability dan reliability aplikasi Core & Host di seluruh DC/DRC secara efektif dalam rangka menunjang kegiatan/transaksi bisnis perbankan BRI serta kegiatan penunjang lainnya yang berbasis TI sesuai dengan ketentuan. ,Memastikan pencapaian target availability dan reliability aplikasi,,,
Application Quality Improvement Department (QIM),Core Banking Acceptance (CBA),Melaksanakan kegiatan analisis dokumen SDLC sesuai ketentuan untuk kebutuhan kegiatan User Acceptance Test (UAT) platform.,Melaksanakan kegiatan analisis dokumen SDLC,,,
Application Quality Improvement Department (QIM),Core Banking Acceptance (CBA),"Melaksanakan perencanaan, pelaksanaan dan dokumentasi user acceptance test yang bersumber dari perencanaan, perancangan aplikasi/platform dan bila memungkinkan dilakukan deployment test dan/atau pilot test platform yang telah lulus kegiatan UAT.","Melaksanakan perencanaan, pelaksanaan dan dokumentasi user acceptance test",,,
Application Quality Improvement Department (QIM),Core Banking Acceptance (CBA),"Melaksanakan perencanaan, pelaksanaan dan dokumentasi user acceptance test yang bersumber dari perencanaan, perancangan aplikasi/platform dan bila memungkinkan dilakukan deployment test dan/atau pilot test platform yang telah lulus kegiatan UAT.",Melakukan deployment test dan/atau pilot test platform,,,
Application Quality Improvement Department (QIM),Core Banking Acceptance (CBA),Melaksanakan regression testing sesuai dengan perancangan sistem aplikasi/platform dari integration testing development yang memadai dan performance/load/stress test berdasarkan analisa kebutuhan,Melaksanakan regression testing ,,,
Application Quality Improvement Department (QIM),Core Banking Acceptance (CBA),Melaksanakan regression testing sesuai dengan perancangan sistem aplikasi/platform dari integration testing development yang memadai dan performance/load/stress test berdasarkan analisa kebutuhan,Melaksanakan performance/load/stress test ,,,
Application Quality Improvement Department (QIM),Core Banking Acceptance (CBA),Melakukan verifikasi deployment file untuk keperluan development yang telah lulus UAT.,Melakukan verifikasi deployment file,,,
Application Quality Improvement Department (QIM),Core Banking Acceptance (CBA),Melaksanakan pengujian sistem aplikasi/platform di lingkungan produksi yang disebabkan oleh perubahan infrastruktur pendukungnya terhadap aplikasi/platform yang belum mempunyai alat monitoring operasional transaksi dengan skenario pengujian atau disebut dengan proven check berdasarkan hasil risk assessment dan acceptance criteria yang telah disepakati bersama dengan tim risk dan product owner terkait.,Melaksanakan pengujian sistem aplikasi/platform,,,
Core and Support Application Development Department (CSD),Core Banking Platform Development (CBP),"Mengelola fungsi analisis spesifikasi kebutuhan teknis platform, infrastruktur  pendukung dan jaringan komunikasi yang dibutuhkan oleh platform.",Mengelola fungsi analisis spesifikasi kebutuhan teknis yang dibutuhkan oleh platform,,,
Core and Support Application Development Department (CSD),Core Banking Platform Development (CBP),Mengelola fungsi perancangan (design) platform Core Banking. ,Mengelola fungsi perancangan (design) platform,,,
Core and Support Application Development Department (CSD),Core Banking Platform Development (CBP),Mengelola fungsi pengembangan  (development) dan perbaikan / penyempurnaan platform Core Banking. ,Mengelola fungsi pengembangan  (development) dan perbaikan / penyempurnaan platform,,,
Core and Support Application Development Department (CSD),Core Banking Platform Development (CBP),"Mengelola fungsi pengujian (system integrity test) platform Core Banking 
 ",Mengelola fungsi pengujian (system integrity test) platform,,,
Core and Support Application Development Department (CSD),Core Banking Platform Development (CBP),"Mengelola fungsi penyusunan dan penyempurnaan User Manual, Petunjuk Instalasi dan SOP Pemeliharaan platform Core Banking yang terpadu.
",Mengelola fungsi penyusunan dan penyempurnaan User Manual,,,
Core and Support Application Development Department (CSD),Core Banking Platform Development (CBP),"Mengelola fungsi penyusunan dan penyempurnaan User Manual, Petunjuk Instalasi dan SOP Pemeliharaan platform Core Banking yang terpadu.
",Mengelola fungsi penyusunan dan penyempurnaan Petunjuk Instalasi,,,
Core and Support Application Development Department (CSD),Core Banking Platform Development (CBP),"Mengelola fungsi penyusunan dan penyempurnaan User Manual, Petunjuk Instalasi dan SOP Pemeliharaan platform Core Banking yang terpadu.
",Mengelola fungsi penyusunan dan penyempurnaan SOP Pemeliharaan platform,,,
Core and Support Application Development Department (CSD),Core Banking Platform Development (CBP),"Mengelola fungsi persiapan dan
pengelolaan environment pengembangan (hardware, software, source code beserta dokumentasi
sistemnya). ","Mengelola fungsi persiapan dan
pengelolaan environment pengembangan",,,
Core and Support Application Development Department (CSD),Core Banking Platform Development (CBP),Mengelola fungsi koordinasi persiapan kebutuhan hardware dan komponen pendukung untuk environment pengembangan.,Mengelola fungsi koordinasi persiapan kebutuhan hardware dan komponen pendukung ,,,
Application Quality Improvement Department (QIM),Corporate Core & Support Acceptance (CPA),Melakukan kegiatan analisis dokumen SDLC sesuai ketentuan untuk kebutuhan kegiatan User Acceptance Test (UAT) platform core & support,Melakukan kegiatan analisis dokumen SDLC,,,
Application Quality Improvement Department (QIM),Corporate Core & Support Acceptance (CPA),"Melaksanakan perencanaan, pelaksanaan dan dokumentasi user acceptance test yang bersumber dari perencanaan, perancangan aplikasi/platform core & support dan bila memungkinkan dilakukan deployment test dan/atau pilot test platform yang telah lulus kegiatan UAT.","Melaksanakan perencanaan, pelaksanaan dan dokumentasi user acceptance test",,,
Application Quality Improvement Department (QIM),Corporate Core & Support Acceptance (CPA),"Melaksanakan perencanaan, pelaksanaan dan dokumentasi user acceptance test yang bersumber dari perencanaan, perancangan aplikasi/platform core & support dan bila memungkinkan dilakukan deployment test dan/atau pilot test platform yang telah lulus kegiatan UAT.",Melakukan deployment test dan/atau pilot test platform,,,
Application Quality Improvement Department (QIM),Corporate Core & Support Acceptance (CPA),Melaksanakan regression testing sesuai dengan perancangan sistem aplikasi/platform dari integration testing development yang memadai dan performance/load/stress test berdasarkan analisis kebutuhan,Melaksanakan regression testing ,,,
Application Quality Improvement Department (QIM),Corporate Core & Support Acceptance (CPA),Melaksanakan verifikasi deployment file untuk keperluan deployment yang telah lulus UAT,Melaksanakan verifikasi deployment file,,,
Application Quality Improvement Department (QIM),Corporate Core & Support Acceptance (CPA),Melaksanakan pengujian sistem aplikasi/platform core & support di lingkungan produksi yang disebabkan oleh perubahan infrastruktur pendukungnya terhadap aplikasi/platform core & support yang belum mempunyai alat monitoring operasional transaksi dengan skenario pengujian atau disebut dengan proven check berdasarkan hasil risk assessment dan acceptance criteria yang telah disepakati bersama dengan tim risk dan product owner terkait,Melaksanakan pengujian sistem aplikasi/platform,,,
Core and Support Application Development Department (CSD),Corporate Core Platform Development (CCP),Mengelola fungsi analisis spesifikasi kebutuhan platform Otomasi Workflow Korporasi.,Mengelola fungsi analisis spesifikasi kebutuhan platform Otomasi Workflow Korporasi.,,,
Core and Support Application Development Department (CSD),Corporate Core Platform Development (CCP),Mengelola fungsi perancangan (design) platform Otomasi Workflow Korporasi. ,Mengelola fungsi perancangan (design) platform,,,
Core and Support Application Development Department (CSD),Corporate Core Platform Development (CCP),Mengelola fungsi pengembangan (development) dan perbaikan / penyempurnaan platform Otomasi Workflow Korporasi. ,Mengelola fungsi pengembangan dan perbaikan / penyempurnaan platform,,,
Core and Support Application Development Department (CSD),Corporate Core Platform Development (CCP),Mengelola fungsi pengujian (unit test / unit integrity test) platform Otomasi Workflow Korporasi.,Mengelola fungsi unit test / unit integrity test platform Otomasi Workflow Korporasi.,,,
Core and Support Application Development Department (CSD),Corporate Core Platform Development (CCP),Mengelola fungsi penyusunan dan penyempurnaan Petunjuk Instalasi dan SOP Pemeliharaan platform yang terpadu .,Mengelola fungsi penyusunan dan penyempurnaan Petunjuk Instalasi,,,
Core and Support Application Development Department (CSD),Corporate Core Platform Development (CCP),"Mengelola fungsi persiapan dan pengelolaan environment pengembangan (software, source code beserta dokumentasi sistemnya).",Mengelola fungsi persiapan dan pengelolaan environment pengembangan,,,
Core and Support Application Development Department (CSD),Corporate Core Platform Development (CCP),Melakukan koordinasi persiapan kebutuhan hardware dan komponen pendukung untuk environment pengembangan.,Melakukan koordinasi persiapan kebutuhan hardware dan komponen pendukung,,,
Application Operation Services Department (OPA),Database Administration Operation Services (DBA),Melaksanakan monitoring performance database di seluruh DC/DRC. ,Melaksanakan monitoring performance database,,,
Application Operation Services Department (OPA),Database Administration Operation Services (DBA),Melakukan analisa performance dan health check database di seluruh DC/DRC. ,Melakukan analisa performance dan health check database,,,
Application Operation Services Department (OPA),Database Administration Operation Services (DBA),Melakukan enhancement dan performance tuning database seluruh DC/DRC. ,Melakukan enhancement dan performance tuning database,,,
Application Operation Services Department (OPA),Database Administration Operation Services (DBA),Melakukan troubleshooting dan investigasi atas semua permasalahan database di seluruh DC/DRC. ,Melakukan troubleshooting dan investigasi atas semua permasalahan database,,,
Application Operation Services Department (OPA),Database Administration Operation Services (DBA),"Melakukan perubahan konfigurasi, parameter dan topologi database di seluruh DC/DRC sesuai dengan desain arsitektur aplikasi.","Melakukan perubahan konfigurasi, parameter dan topologi database",,,
Application Operation Services Department (OPA),Database Administration Operation Services (DBA),Memastikan integritas data pada kegiatan replikasi database di seluruh DC/DRC.,Memastikan integritas data pada kegiatan replikasi database,,,
Application Operation Services Department (OPA),Distribution & Outlet Application Operation Services (DAO),"Melaksanakan dan menyempurnakan SOP untuk housekeeping data, operasional backup dan recovery data, checklist, untuk operasional rutin harian (scheduler, job, service dll), terhadap aplikasi Distribution & Outlet di seluruh DC ",Melaksanakan dan menyempurnakan SOP untuk housekeeping data,,,
Application Operation Services Department (OPA),Distribution & Outlet Application Operation Services (DAO),"Melaksanakan dan menyempurnakan SOP untuk housekeeping data, operasional backup dan recovery data, checklist, untuk operasional rutin harian (scheduler, job, service dll), terhadap aplikasi Distribution & Outlet di seluruh DC ",Melaksanakan dan menyempurnakan SOP untuk operasional backup dan recovery data,,,
Application Operation Services Department (OPA),Distribution & Outlet Application Operation Services (DAO),"Melaksanakan dan menyempurnakan SOP untuk housekeeping data, operasional backup dan recovery data, checklist, untuk operasional rutin harian (scheduler, job, service dll), terhadap aplikasi Distribution & Outlet di seluruh DC ",Melaksanakan dan menyempurnakan SOP untuk checklist,,,
Application Operation Services Department (OPA),Distribution & Outlet Application Operation Services (DAO),"Melaksanakan dan menyempurnakan SOP untuk housekeeping data, operasional backup dan recovery data, checklist, untuk operasional rutin harian (scheduler, job, service dll), terhadap aplikasi Distribution & Outlet di seluruh DC ",Melaksanakan dan menyempurnakan SOP untuk operasional rutin harian ,,,
Application Operation Services Department (OPA),Distribution & Outlet Application Operation Services (DAO),Melaksanakan monitoring dan troubleshooting insiden sistem aplikasi Distribution & Outlet di seluruh DC.,Melaksanakan monitoring dan troubleshooting insiden sistem aplikasi,,,
Application Operation Services Department (OPA),Distribution & Outlet Application Operation Services (DAO),Melaksanakan deployment sistem aplikasi dan tools monitoring untuk Distribution & Outlet di seluruh DC .,Melaksanakan deployment sistem aplikasi dan tools monitoring,,,
Application Operation Services Department (OPA),Distribution & Outlet Application Operation Services (DAO),Melaksanakan manajemen konfigurasi dan parameter aplikasi Distribution & Outlet di seluruh DC.,Melaksanakan manajemen konfigurasi dan parameter aplikasi,,,
Application Operation Services Department (OPA),Distribution & Outlet Application Operation Services (DAO),Memastikan pencapaian target availability dan reliability aplikasi Distribution & Outlet di seluruh DC secara efektif dalam rangka menunjang kegiatan/transaksi bisnis perbankan BRI serta kegiatan penunjang lainnya yang berbasis TI sesuai dengan ketentuan. ,Memastikan pencapaian target availability dan reliability aplikasi,,,
Application Operation Services Department (OPA),Distribution & Outlet Application Operation Services (DAO),Melaksanakan proses perbaikan data Distribution & Outlet sesuai analisis dari Fungsi QA sesuai SOP perbaikan data yang berlaku.,Melaksanakan proses perbaikan data,,,
Omni Channel Application Development Department (OCD),Distribution Channel Platform Development (DCP),Mengelola fungsi analisis spesifikasi kebutuhan teknis platform,Mengelola fungsi analisis spesifikasi kebutuhan teknis platform,,,
Omni Channel Application Development Department (OCD),Distribution Channel Platform Development (DCP),Mengelola fungsi analisis spesifikasi kebutuhan infrastruktur pendukung,Mengelola fungsi analisis spesifikasi kebutuhan infrastruktur,,,
Omni Channel Application Development Department (OCD),Distribution Channel Platform Development (DCP),Mengelola fungsi analisis spesifikasi kebutuhan jaringan komunikasi yang dibutuhkan oleh platform,Mengelola fungsi analisis spesifikasi kebutuhan jaringan komunikasi,,,
Omni Channel Application Development Department (OCD),Distribution Channel Platform Development (DCP),Mengelola fungsi perancangan (design) platform distribution channel,Mengelola fungsi perancangan (design) platform,,,
Omni Channel Application Development Department (OCD),Distribution Channel Platform Development (DCP),Mengelola fungsi pengembangan (development) dan perbaikan/ pengembangan platform distribution channel,Mengelola fungsi pengembangan dan perbaikan/ pengembangan platform,,,
Omni Channel Application Development Department (OCD),Distribution Channel Platform Development (DCP),Mengelola fungsi pengujian (unit test/ unit integration test) platform distribution channel,Mengelola fungsi pengujian (unit test/ unit integration test) platform,,,
Omni Channel Application Development Department (OCD),Distribution Channel Platform Development (DCP),Mengelola fungsi penyusunan dan penyempurnaan user manual platform distribution channel yang terpadu,Mengelola fungsi penyusunan dan penyempurnaan user manual platform,,,
Omni Channel Application Development Department (OCD),Distribution Channel Platform Development (DCP),Mengelola fungsi penyusunan dan penyempurnaan petunjuk instalasi platform distribution channel yang terpadu,Mengelola fungsi penyusunan dan penyempurnaan petunjuk instalasi platform,,,
Omni Channel Application Development Department (OCD),Distribution Channel Platform Development (DCP),Mengelola fungsi penyusunan dan penyempurnaan SOP pemeliharaan platform distribution channel yang terpadu,Mengelola fungsi penyusunan dan penyempurnaan SOP pemeliharaan platform,,,
Omni Channel Application Development Department (OCD),Distribution Channel Platform Development (DCP),"Mengelola fungsi persiapan dan pengelolaan environment pengembangan (software, source code beserta dokumentasi sistemnya)",Mengelola fungsi persiapan dan pengelolaan environment pengembangan,,,
Omni Channel Application Development Department (OCD),Distribution Channel Platform Development (DCP),Mengelola fungsi koordinasi persiapan kebutuhan hardware dan komponen pendukung untuk environment pengembangan,Mengelola fungsi koordinasi persiapan kebutuhan hardware dan komponen pendukung,,,
Application Quality Improvement Department (QIM),E-Channel & Front End Acceptance (EFA),Melakukan kegiatan analisis dokumen SDLC sesuai ketentuan untuk kebutuhan kegiatan User Acceptance Test (UAT) platform ,Melakukan analisis dokumen SDLC untuk kebutuhan User Acceptance Test (UAT) platform ,,,
Application Quality Improvement Department (QIM),E-Channel & Front End Acceptance (EFA),"Melaksanakan perencanaan, pelaksanaan dan dokumentasi user acceptance test yang bersumber dari perencanaan, perancangan aplikasi/platform dan bila memungkinkan dilakukan deployment test dan/atau pilot test platform yang telah lulus kegiatan UAT.",Melaksanakan dokumentasi UAT dan deployment test dan/atau pilot test platform yang telah lulus kegiatan UAT.,,,
Application Quality Improvement Department (QIM),E-Channel & Front End Acceptance (EFA),Melaksanakan regression testing sesuai dengan perancangan sistem aplikasi/platform dari integration testing development yang memadai dan performance/load/stress test berdasarkan analisis kebutuhan,Melaksanakan regression testing dan performance/load/stress test,,,
Application Quality Improvement Department (QIM),E-Channel & Front End Acceptance (EFA),Melaksanakan verifikasi deployment file untuk keperluan deployment yang telah lulus UAT,Melaksanakan verifikasi deployment file untuk keperluan deployment,,,
Application Quality Improvement Department (QIM),E-Channel & Front End Acceptance (EFA),Melaksanakan pengujian sistem aplikasi/platform di lingkungan produksi yang disebabkan oleh perubahan infrastruktur pendukungnya terhadap aplikasi/platform yang belum mempunyai alat monitoring operasional transaksi dengan skenario pengujian atau disebut dengan proven check berdasarkan hasil risk assessment dan acceptance criteria yang telah disepakati bersama dengan tim risk dan product owner terkait,Melaksanakan proven check pada sistem platform  karena perubahan infrastruktur berdasarkan hasil risk assessment dan acceptance criteria,,,
Omni Channel Application Development Department (OCD),E-Government Platform Development (EGP),Mengelola fungsi analisis spesifikasi kebutuhan platform institution,Mengelola fungsi analisis spesifikasi kebutuhan platform,,,
Omni Channel Application Development Department (OCD),E-Government Platform Development (EGP),Mengelola fungsi perancangan (design) platform institution,Mengelola fungsi perancangan (design) platform,,,
Omni Channel Application Development Department (OCD),E-Government Platform Development (EGP),Mengelola fungsi pengembangan (development) dan perbaikan/ penyempurnaan platform institution,Mengelola fungsi pengembangan (development) dan perbaikan/ penyempurnaan platform,,,
Omni Channel Application Development Department (OCD),E-Government Platform Development (EGP),Mengelola fungsi pengujian (unit test/ unit integration test) platform institution,Mengelola fungsi pengujian (unit test/ unit integration test) platform,,,
Omni Channel Application Development Department (OCD),E-Government Platform Development (EGP),Mengelola fungsi penyusunan dan penyempurnaan user manual platform institution yang terpadu,Mengelola fungsi penyusunan dan penyempurnaan user manual platform,,,
Omni Channel Application Development Department (OCD),E-Government Platform Development (EGP),Mengelola fungsi penyusunan dan penyempurnaan petunjuk instalasi platform institution yang terpadu,Mengelola fungsi penyusunan dan penyempurnaan petunjuk instalasi platform,,,
Omni Channel Application Development Department (OCD),E-Government Platform Development (EGP),Mengelola fungsi penyusunan dan penyempurnaan SOP pemeliharaan platform institution yang terpadu,Mengelola fungsi penyusunan dan penyempurnaan SOP pemeliharaan platform,,,
Omni Channel Application Development Department (OCD),E-Government Platform Development (EGP),"Mengelola fungsi persiapan dan pengelolaan environment pengembangan (software, source code beserta dokumentasi sistemnya)",Mengelola fungsi persiapan dan pengelolaan environment pengembangan,,,
Omni Channel Application Development Department (OCD),E-Government Platform Development (EGP),Mengelola fungsi koordinasi persiapan kebutuhan hardware dan komponen pendukung untuk environment pengembangan,Mengelola fungsi koordinasi persiapan kebutuhan hardware dan komponen pendukung,,,
Application Operation Services Department (OPA),Human Capital Application Operation (HCO),"Mengelola penggunaan, monitoring anggaran anggaran humas, representatif, rapat dan eksploitasi non IT untuk  mendukung operasional divisi. ","Mengelola penggunaan, monitoring anggaran anggaran humas, representatif, rapat dan eksploitasi non IT",,,
Application Operation Services Department (OPA),Human Capital Application Operation (HCO),"Mengelola human capital, pendidikan, fungsi administrasi, logistik, kearsipan & kesekretariatan. ","Mengelola human capital, pendidikan, fungsi administrasi, logistik, kearsipan & kesekretariatan. ",,,
Application Operation Services Department (OPA),Human Capital Application Operation (HCO),Manajemen pengadaan barang & jasa TI.,Manajemen pengadaan barang & jasa TI,,,
Core and Support Application Development Department (CSD),International & Treasury Platform Development (ITP),"Mengelola fungsi analisis spesifikasi kebutuhan platform Internasional & Treasury
",Mengelola fungsi analisis spesifikasi kebutuhan platform,,,
Core and Support Application Development Department (CSD),International & Treasury Platform Development (ITP),Mengelola fungsi perancangan (design) platform Internasional & Treasury,Mengelola fungsi perancangan (design) platform,,,
Core and Support Application Development Department (CSD),International & Treasury Platform Development (ITP),"Mengelola fungsi pengembangan (development) dan perbaikan / penyempurnaan platform Internasional
& Treasury",Mengelola fungsi pengembangan (development) dan perbaikan / penyempurnaan platform,,,
Core and Support Application Development Department (CSD),International & Treasury Platform Development (ITP),Mengelola fungsi pengujian (unit test / unit integrity test) platform Internasional & Treasury,Mengelola fungsi pengujian (unit test / unit integrity test) platform ,,,
Core and Support Application Development Department (CSD),International & Treasury Platform Development (ITP),Mengelola fungsi penyusunan dan penyempurnaan Petunjuk Instalasi dan SOP Pemeliharaan platform Internasional & Treasury yang terpadu. ,Mengelola fungsi penyusunan dan penyempurnaan Petunjuk Instalasi dan SOP Pemeliharaan platform,,,
Core and Support Application Development Department (CSD),International & Treasury Platform Development (ITP),"Mengelola fungsi persiapan dan pengelolaan environment pengembangan (software, source code beserta dokumentasi sistemnya). 
",Mengelola fungsi persiapan dan pengelolaan environment pengembangan,,,
Core and Support Application Development Department (CSD),International & Treasury Platform Development (ITP),Mengelola fungsi koordinator persiapan kebutuhan hardware dan komponen pendukung untuk environment pengembangan.,Mengelola fungsi koordinator persiapan kebutuhan hardware dan komponen pendukung,,,
Application Operation Services Department (OPA),Internet Banking Application Operation Services (IBO),"Melaksanakan dan menyempurnakan SOP untuk housekeeping data, operasional backup dan recovery data, checklist, untuk operasional rutin harian (scheduler, job, service, dll), terhadap sistem aplikasi Internet Banking di seluruh DC/DRC.",Melaksanakan dan menyempurnakan SOP untuk untuk operasional rutin harian,,,
Application Operation Services Department (OPA),Internet Banking Application Operation Services (IBO),Melaksanakan monitoring dan troubleshooting insiden sistem aplikasi Internet Banking di seluruh DC/DRC.,Melaksanakan monitoring dan troubleshooting insiden sistem aplikasi,,,
Application Operation Services Department (OPA),Internet Banking Application Operation Services (IBO),Melaksanakan deployment sistem aplikasi dan tools monitoring untuk Internet Banking di seluruh DC/DRC.,Melaksanakan deployment sistem aplikasi dan tools monitoring,,,
Application Operation Services Department (OPA),Internet Banking Application Operation Services (IBO),Melaksanakan manajemen konfigurasi dan parameter aplikasi Branchless & Loan di seluruh DC/DRC.,Melaksanakan manajemen konfigurasi dan parameter aplikasi,,,
Application Operation Services Department (OPA),Internet Banking Application Operation Services (IBO),Memastikan pencapaian target availability dan reliability aplikasi Internet Banking di seluruh rangka DC/DRC menunjang secara efektif dalam rangka menunjang kegiatan/transaksi bisnis perbankan BRI serta kegiatan penunjang lainnya yang berbasis TI sesuai dengan ketentuan.,Memastikan pencapaian target availability dan reliability aplikasi,,,
Application Operation Services Department (OPA),Internet Banking Application Operation Services (IBO),Melaksanakan proses perbaikan data Internet Banking sesuai analisis dari Fungsi QA sesuai SOP perbaikan data yang berlaku.,Melaksanakan proses perbaikan data,,,
Application Operation Services Department (OPA),IT Service Desk (SDK),"Mengelola kegiatan penyusunan, evaluasi dan penyempurnaan ketentuan operasional monitoring dan problem solving aplikasi IT BRI.",Mengelola kegiatan penyusunan ketentuan operasional monitoring dan problem solving aplikasi IT BRI.,,,
Application Operation Services Department (OPA),IT Service Desk (SDK),"Mengelola kegiatan penyusunan, evaluasi dan penyempurnaan ketentuan operasional monitoring dan problem solving aplikasi IT BRI.",Mengevaluasi ketentuan operasional monitoring dan problem solving aplikasi IT BRI.,,,
Application Operation Services Department (OPA),IT Service Desk (SDK),"Mengelola kegiatan penyusunan, evaluasi dan penyempurnaan ketentuan operasional monitoring dan problem solving aplikasi IT BRI.",Melakukan penyempurnaan ketentuan operasional monitoring dan problem solving aplikasi IT BRI.,,,
Application Operation Services Department (OPA),IT Service Desk (SDK),"Mengelola kegiatan penyusunan, evaluasi dan penyempurnaan tools monitoring sistem BRI yang akurat dan handal operasional sistem BRI",Mengelola kegiatan penyusunan tools monitoring sistem BRI,,,
Application Operation Services Department (OPA),IT Service Desk (SDK),"Mengelola kegiatan penyusunan, evaluasi dan penyempurnaan tools monitoring sistem BRI yang akurat dan handal operasional sistem BRI",Mengevaluasi tools monitoring sistem BRI,,,
Application Operation Services Department (OPA),IT Service Desk (SDK),"Mengelola kegiatan penyusunan, evaluasi dan penyempurnaan tools monitoring sistem BRI yang akurat dan handal operasional sistem BRI",Melakukan penyempurnaan ketentuan operasional monitoring dan problem solving aplikasi IT BRI.,,,
Application Operation Services Department (OPA),IT Service Desk (SDK),Mengelola kegiatan monitoring dan pengelolaan kinerja harian operasional sistem BRI,Mengelola kegiatan monitoring dan pengelolaan kinerja harian operasional sistem,,,
Application Operation Services Department (OPA),IT Service Desk (SDK),Mengelola kegiatan monitoring dan evaluasi kinerja pekerja outsourcing.,Mengelola kegiatan monitoring dan evaluasi kinerja pekerja outsourcing.,,,
Application Operation Services Department (OPA),IT Service Desk (SDK),Mengelola kegiatan helpdesk & response center permasalahan operasional sistem IT BRI. ,Mengelola kegiatan helpdesk & response center permasalahan operasional sistem IT,,,
Application Operation Services Department (OPA),IT Service Desk (SDK),"|Mengelola kegiatan Identifikasi, analisis dan evaluasi tren permasalahan operasional sistem IT BRI untuk mendukung kelancaran operasional sistem BRI sesuai dengan ketentuan dan target.","Mengelola kegiatan Identifikasi, analisis dan evaluasi tren permasalahan operasional sistem IT",,,
Application Operation Services Department (OPA),IT Service Desk (SDK),"|Mengelola kegiatan identifikasi dan analisis perbaikan data yang disebabkan kesalahan sistem dan perubahan kebijakan terkait sistem aplikasi yang diimplementasikan di jaringan kerja BRI untuk menyediakan data yang lengkap, valid, terintegrasi, konsisten, aktual dan akurat. ",Mengelola kegiatan identifikasi dan analisis perbaikan data,,,
Application Operation Services Department (OPA),IT Service Desk (SDK),"|Mengelola kegiatan identifikasi dan analisis perbaikan data yang disebabkan kesalahan sistem dan perubahan kebijakan terkait sistem aplikasi yang diimplementasikan di jaringan kerja BRI untuk menyediakan data yang lengkap, valid, terintegrasi, konsisten, aktual dan akurat. ","Menyediakan data yang lengkap, valid, terintegrasi, konsisten, aktual dan akurat",,,
Application Operation Services Department (OPA),IT Service Desk (SDK),"Mengelola pelaksanaan perbaikan data yang disebabkan karena kesalahan sistem  dan perubahan kebijakan terkait sistem aplikasi yang diimplementasikan di jaringan kerja BRI untuk menyediakan data yang lengkap, valid, terintegrasi, konsisten, aktual dan akurat.",Mengelola pelaksanaan perbaikan data,,,
Application Operation Services Department (OPA),IT Service Desk (SDK),Mengelola pencatatan insiden terkait sistem IT BRI untuk dilakukan penyelesaian oleh second layer support. ,Mengelola pencatatan insiden terkait sistem IT,,,
Application Operation Services Department (OPA),IT Service Desk (SDK),Mengelola pencatatan kualitas kinerja aplikasi / application performance management untuk dilaporkan sebagai KPI Divisi,Mengelola pencatatan kualitas kinerja aplikasi / application performance management,,,
Application Quality Improvement Department (QIM),Knowledge Management (KMG),Mengelola kegiatan penyusunan dan pengumpulan dokumentasi pengetahuan terstruktur yang dihasilkan layanan aplikasi TI BRI sebagai Knowledge Management TI.,Mengelola kegiatan penyusunan dan pengumpulan dokumentasi pengetahuan terstruktur,,,
Application Quality Improvement Department (QIM),Knowledge Management (KMG),"Mengelola kegiatan penyusunan, sosialisasi (learning), dan penyempurnaan pedoman pelaksanaan dan prosedur pengelolaan Knowledge Management Aplikasi TI BRI.","Menyusun, melakukan sosialisasi, dan penyempurnaan pedoman pelaksanaan dan pengelolaan Knowledge Management",,,
Application Quality Improvement Department (QIM),Knowledge Management (KMG),Mengelola kegiatan Liaison Audit Internal dan Eksternal dalam lingkup Manajemen Aplikasi TI.,Mengelola kegiatan Liaison Audit Internal dan Eksternal,,,
Application Quality Improvement Department (QIM),Knowledge Management (KMG),"Mengelola pelaporan Profil Risiko, RCSA (Risk Control Self Assessment) dan Realisasi Performance Management dalam lingkup Manajemen Aplikasi TI.","Mengelola pelaporan Profil Risiko, RCSA (Risk Control Self Assessment) dan Realisasi Performance Management",,,
Application Quality Improvement Department (QIM),Middleware & Reconcile Acceptance (MRA),Melakukan kegiatan analisis dokumen SDLC sesuai ketentuan untuk kebutuhan kegiatan User Acceptance Test (UAT) platform ,Melakukan kegiatan analisis dokumen SDLC,,,
Application Quality Improvement Department (QIM),Middleware & Reconcile Acceptance (MRA),"Melaksanakan perencanaan, pelaksanaan dan dokumentasi user acceptance test yang bersumber dari perencanaan, perancangan aplikasi/platform dan bila memungkinkan dilakukan deployment test dan/atau pilot test platform yang telah lulus kegiatan UAT.","Melaksanakan perencanaan, pelaksanaan dan dokumentasi user acceptance test ",,,
Application Quality Improvement Department (QIM),Middleware & Reconcile Acceptance (MRA),Melaksanakan regression testing sesuai dengan perancangan sistem aplikasi/platform dari integration testing development yang memadai dan performance/load/stress test berdasarkan analisis kebutuhan,Melaksanakan regression testing,,,
Application Quality Improvement Department (QIM),Middleware & Reconcile Acceptance (MRA),Melaksanakan verifikasi deployment file untuk keperluan deployment yang telah lulus UAT,Melaksanakan verifikasi deployment file,,,
Application Quality Improvement Department (QIM),Middleware & Reconcile Acceptance (MRA),Melaksanakan pengujian sistem aplikasi/platform di lingkungan produksi yang disebabkan oleh perubahan infrastruktur pendukungnya terhadap aplikasi/platform yang belum mempunyai alat monitoring operasional transaksi dengan skenario pengujian atau disebut dengan proven check berdasarkan hasil risk assessment dan acceptance criteria yang telah disepakati bersama dengan tim risk dan product owner terkait,Melaksanakan pengujian sistem aplikasi/platform,,,
Application Operation Services Department (OPA),Middleware Application Operation Services (MDO),"Melaksanakan dan menyempurnakan SOP untuk housekeeping data, operasional backup dan recovery rutin data, checklist, untuk recovery data, checklist, untuk operasional harian (scheduler, job, service dll), terhadap aplikasi Middleware di seluruh DC/DRC.","Melaksanakan dan menyempurnakan SOP untuk untuk recovery data, checklist, untuk operasional harian",,,
Application Operation Services Department (OPA),Middleware Application Operation Services (MDO),Melaksanakan monitoring dan troubleshooting insiden sistem aplikasi Middleware di seluruh DC/DRC.,Melaksanakan monitoring dan troubleshooting insiden sistem aplikasi,,,
Application Operation Services Department (OPA),Middleware Application Operation Services (MDO),Melaksanakan deployment sistem aplikasi dan tools monitoring untuk Middleware di seluruh DC/DRC.  ,Melaksanakan deployment sistem aplikasi dan tools monitoring,,,
Application Operation Services Department (OPA),Middleware Application Operation Services (MDO),Melaksanakan manajemen konfigurasi dan parameter aplikasi Middleware di seluruh DC/DRC. ,Melaksanakan manajemen konfigurasi dan parameter aplikasi,,,
Application Operation Services Department (OPA),Middleware Application Operation Services (MDO),Memastikan pencapaian target availability dan reliability aplikasi Middleware di reliability aplikasi Middleware di seluruh DC/DRC secara efektif dalam rangka menunjang kegiatan/transaksi bisnis perbankan BRI serta kegiatan penunjang lainnya yang berbasis TI sesuai dengan ketentuan.,Memastikan pencapaian target availability dan reliability aplikasi,,,
Application Operation Services Department (OPA),Middleware Application Operation Services (MDO),Melaksanakan proses perbaikan data Middleware sesuai analisis dari Fungsi QA sesuai SOP perbaikan data yang berlaku.,Melaksanakan proses perbaikan data,,,
Omni Channel Application Development Department (OCD),Middleware Platform Development (MDP),Mengelola fungsi analisis spesifikasi kebutuhan platform middleware,Mengelola fungsi analisis spesifikasi kebutuhan platform,,,
Omni Channel Application Development Department (OCD),Middleware Platform Development (MDP),Mengelola fungsi perancangan (design) platform middleware,Mengelola fungsi perancangan (design) platform,,,
Omni Channel Application Development Department (OCD),Middleware Platform Development (MDP),Mengelola fungsi pengembangan (development) dan perbaikan/ penyempurnaan platform middleware,Mengelola fungsi pengembangan (development) platform,,,
Omni Channel Application Development Department (OCD),Middleware Platform Development (MDP),Mengelola fungsi pengembangan (development) dan perbaikan/ penyempurnaan platform middleware,Mengelola fungsi perbaikan/ penyempurnaan platform,,,
Omni Channel Application Development Department (OCD),Middleware Platform Development (MDP),Mengelola fungsi pengujian (unit test/ unit integration test) platform middleware,Mengelola fungsi pengujian (unit test/ unit integration test) platform,,,
Omni Channel Application Development Department (OCD),Middleware Platform Development (MDP),Mengelola fungsi penyusunan dan penyempurnaan user manual platform middleware yang terpadu,Mengelola fungsi penyusunan dan penyempurnaan user manual platform,,,
Omni Channel Application Development Department (OCD),Middleware Platform Development (MDP),Mengelola fungsi penyusunan dan penyempurnaan petunjuk instalasi platform middleware yang terpadu,Mengelola fungsi penyusunan dan penyempurnaan petunjuk instalasi platform,,,
Omni Channel Application Development Department (OCD),Middleware Platform Development (MDP),Mengelola fungsi penyusunan dan penyempurnaan SOP pemeliharaan platform middleware yang terpadu,Mengelola fungsi penyusunan dan penyempurnaan SOP pemeliharaan platform,,,
Omni Channel Application Development Department (OCD),Middleware Platform Development (MDP),"Mengelola fungsi persiapan dan pengelolaan environment pengembangan (software, source code beserta dokumentasi sistemnya)",Mengelola fungsi persiapan dan pengelolaan environment pengembangan,,,
Omni Channel Application Development Department (OCD),Middleware Platform Development (MDP),Mengelola fungsi koordinasi persiapan kebutuhan hardware dan komponen pendukung untuk environment pengembangan,Mengelola fungsi koordinasi persiapan kebutuhan hardware dan komponen pendukung,,,
Omni Channel Application Development Department (OCD),Outlet Delivery Platform Development (ODP),Mengelola fungsi analisis spesifikasi kebutuhan teknis platform,Mengelola fungsi analisis spesifikasi kebutuhan teknis platform,,,
Omni Channel Application Development Department (OCD),Outlet Delivery Platform Development (ODP),Mengelola fungsi analisis spesifikasi kebutuhan infrastruktur pendukung,Mengelola fungsi analisis spesifikasi kebutuhan infrastruktur pendukung,,,
Omni Channel Application Development Department (OCD),Outlet Delivery Platform Development (ODP),Mengelola fungsi analisis spesifikasi kebutuhan jaringan komunikasi yang dibutuhkan oleh platform,Mengelola fungsi analisis spesifikasi kebutuhan jaringan komunikasi yang dibutuhkan oleh platform,,,
Omni Channel Application Development Department (OCD),Outlet Delivery Platform Development (ODP),Mengelola fungsi perancangan (design) platform outlet delivery,Mengelola fungsi perancangan (design) platform,,,
Omni Channel Application Development Department (OCD),Outlet Delivery Platform Development (ODP),Mengelola fungsi pengembangan (development) dan perbaikan/ penyempurnaan platform outlet delivery,Mengelola fungsi pengembangan (development) platform,,,
Omni Channel Application Development Department (OCD),Outlet Delivery Platform Development (ODP),Mengelola fungsi pengembangan (development) dan perbaikan/ penyempurnaan platform outlet delivery,Mengelola fungsi perbaikan/ penyempurnaan platform,,,
Omni Channel Application Development Department (OCD),Outlet Delivery Platform Development (ODP),Mengelola fungsi pengujian (unit test/ unit integration test) platform outlet delivery,Mengelola fungsi pengujian (unit test/ unit integration test) platform,,,
Omni Channel Application Development Department (OCD),Outlet Delivery Platform Development (ODP),Mengelola fungsi penyusunan dan penyempurnaan user manual platform outlet delivery yang terpadu,Mengelola fungsi penyusunan dan penyempurnaan user manual platform,,,
Omni Channel Application Development Department (OCD),Outlet Delivery Platform Development (ODP),Mengelola fungsi penyusunan dan penyempurnaan petunjuk instalasi platform outlet delivery yang terpadu,Mengelola fungsi penyusunan dan penyempurnaan petunjuk instalasi platform,,,
Omni Channel Application Development Department (OCD),Outlet Delivery Platform Development (ODP),Mengelola fungsi penyusunan dan penyempurnaan SOP pemeliharaan platform outlet delivery yang terpadu,Mengelola fungsi penyusunan dan penyempurnaan SOP pemeliharaan platform,,,
Omni Channel Application Development Department (OCD),Outlet Delivery Platform Development (ODP),"Mengelola fungsi persiapan dan pengelolaan environment pengembangan (software, source code beserta dokumentasi sistemnya)",Mengelola fungsi persiapan dan pengelolaan environment pengembangan,,,
Omni Channel Application Development Department (OCD),Outlet Delivery Platform Development (ODP),Mengelola fungsi koordinasi persiapan kebutuhan hardware dan komponen pendukung untuk environment pengembangan,Mengelola fungsi koordinasi persiapan kebutuhan hardware dan komponen pendukung,,,
Application Operation Services Department (OPA),Reconcile & Corporate Core Application Operation Services (RCO),"Melaksanakan dan menyempurnakan SOP untuk housekeeping data, operasional backup dan recovery data, checklist, untuk operasional rutin harian (scheduler, job, service, dil), terhadap aplikasi
Reconciliation & Corporate Core di seluruh DC. ","Melaksanakan dan menyempurnakan SOP untuk operasional rutin harian
",,,
Application Operation Services Department (OPA),Reconcile & Corporate Core Application Operation Services (RCO),Melaksanakan monitoring dan troubleshooting insiden sistem aplikasi Reconciliation & Corporate Core di seluruh DC. ,Melaksanakan monitoring dan troubleshooting insiden sistem aplikasi,,,
Application Operation Services Department (OPA),Reconcile & Corporate Core Application Operation Services (RCO),Melaksanakan deployment sistem aplikasi dan tools monitoring untuk aplikasi Reconciliation & Corporate Core di seluruh DC. ,Melaksanakan deployment sistem aplikasi dan tools monitoring aplikasi,,,
Application Operation Services Department (OPA),Reconcile & Corporate Core Application Operation Services (RCO),"Melaksanakan manajemen konfigurasi dan parameter aplikasi Reconcile & Corporate Core di seluruh DC, ",Melaksanakan manajemen konfigurasi dan parameter aplikasi,,,
Application Operation Services Department (OPA),Reconcile & Corporate Core Application Operation Services (RCO),Memastikan pencapaian target availability dan reliability aplikasi Reconcile & Corporate Core di seluruh DC secara efektif dalam rangka menunjang kegiatan/transaksi bisnis perbankan BRI serta kegiatan penunjang lainnya yang berbasis TI sesuai dengan ketentuan. ,Memastikan pencapaian target availability dan reliability aplikasi,,,
Application Operation Services Department (OPA),Reconcile & Corporate Core Application Operation Services (RCO),Melaksanakan proses perbaikan data Reconcile & Corporate Core sesuai analisis dari Fungsi DEV sesuai SOP perbaikan data yang berlaku. ,Melaksanakan proses perbaikan data aplikasi,,,
Core and Support Application Development Department (CSD),Reconciliation & Settlement Platform Development (RSP),Mengelola fungsi analisis spesifikasi kebutuhan teknis platform Rekonsiliasi dan settlement. ,Mengelola fungsi analisis spesifikasi kebutuhan platform,,,
Core and Support Application Development Department (CSD),Reconciliation & Settlement Platform Development (RSP),Mengelola fungsi perancangan (design) platform Rekonsiliasi dan settlement. ,Mengelola fungsi design platform Rekonsiliasi dan settlement. ,,,
Core and Support Application Development Department (CSD),Reconciliation & Settlement Platform Development (RSP),Mengelola fungsi pengembangan (development) dan perbaikan / penyempurnaan platform Rekonsiliasi dan settlement. ,Mengelola fungsi pengembangan dan perbaikan platform Rekonsiliasi dan settlement. ,,,
Core and Support Application Development Department (CSD),Reconciliation & Settlement Platform Development (RSP),Mengelola fungsi pengujian (Unif test/ Unit integrity test) Platform Rekonsiliasi dan settlement. ,Mengelola fungsi Unif test/ Unit integrity test Platform Rekonsiliasi dan settlement. ,,,
Core and Support Application Development Department (CSD),Reconciliation & Settlement Platform Development (RSP),Mengelola fungsi penyusunan dan penyempurnaan Petunjuk Instalasi dan SOP Pemeliharaan Platform yang terpadu. ,Mengelola fungsi penyusunan dan penyempurnaan Petunjuk Instalasi Platform,,,
Core and Support Application Development Department (CSD),Reconciliation & Settlement Platform Development (RSP),Mengelola fungsi penyusunan dan penyempurnaan Petunjuk Instalasi dan SOP Pemeliharaan Platform yang terpadu. ,Mengelola fungsi penyusunan dan penyempurnaan SOP Pemeliharaan Platform,,,
Core and Support Application Development Department (CSD),Reconciliation & Settlement Platform Development (RSP),"Mengelola fungsi persiapan dan pengelolaan environment pengembangan (software, source code beserta dokumentasi sistemnya). 
",Mengelola fungsi persiapan dan pengelolaan environment pengembangan,,,
Core and Support Application Development Department (CSD),Reconciliation & Settlement Platform Development (RSP),Melakukan koordinasi persiapan kebutuhan hardware dan komponen pendukung untuk environment pengembangan.,Melakukan koordinasi persiapan kebutuhan hardware dan komponen pendukung,,,