Role,Skill,Jumlah Skill ,Jml Soal Skill SVI,Jml Soal Skill SFIA,Jml Soal Skill SkillTx,Jml Soal Role SVI,Jml Soal Role SFIA,Jml Soal Role SkillTx
SAD,Programming (PROG),18,30,7,5,393,109,79
SAD,Software Design (SWDN),18,30,5,5,393,109,79
SAD,Database Design (DBDS),18,30,7,3,393,109,79
SAD,Systems Design (DESN),18,1,7,4,393,109,79
SAD,Requirements Definition & Management (REQM),18,30,7,5,393,109,79
SAD,Quality Assurance (QUAS),18,30,6,4,393,109,79
SAD,Testing (TEST),18,30,7,6,393,109,79
SAD,Release and Deployment (RELM),18,30,6,4,393,109,79
SAD,Change Management (CHMG),18,30,6,5,393,109,79
SAD,Systems Integration and Building (SINT),18,20,7,5,393,109,79
SAD,Software Configuration (PORT),18,20,4,4,393,109,79
SAD,Data Modelling and Design (DTAN),18,15,6,4,393,109,79
SAD,Project Management (PRMG),18,30,7,4,393,109,79
SAD,Content Authoring (INCA),18,20,7,6,393,109,79
SAD,Information Security (SCTY),18,15,6,5,393,109,79
SAD,Capacity Management (CPMG),18,30,5,3,393,109,79
SAD,High-Performance Computing (HPCC),18,1,4,4,393,109,79
SAD,Specialist Advice (TECH),18,1,5,3,393,109,79
System Engineer,Incident Management (USUP),13,20,6,4,278,76,57
System Engineer,Service Level Management (SLMO),13,30,6,6,278,76,57
System Engineer,Availability Management (AVMT),13,30,7,3,278,76,57
System Engineer,Measurement (MEAS),13,30,4,4,278,76,57
System Engineer,Configuration Management (CFMG),13,1,4,5,278,76,57
System Engineer,Systems Integration and Building (SINT),13,20,7,5,278,76,57
System Engineer,Release and Deployment (RELM),13,30,6,4,278,76,57
System Engineer,Change Management (CHMG),13,30,6,5,278,76,57
System Engineer,Problem Management (PBMG),13,30,6,3,278,76,57
System Engineer,Software Configuration (PORT),13,20,4,4,278,76,57
System Engineer,IT Infrastructure (ITOP),13,16,8,5,278,76,57
System Engineer,Security Administration (SCAD),13,20,7,6,278,76,57
System Engineer,Specialist Advice (TECH),13,1,5,3,278,76,57
Product Manager,Product Management (PROD),13,20,3,4,243,74,50
Product Manager,User Experience Evaluation (USEV),13,20,5,5,243,74,50
Product Manager,Business Process Improvement (BPRE),13,30,6,3,243,74,50
Product Manager,Innovation (INOV),13,20,6,3,243,74,50
Product Manager,Business Modelling (BSMO),13,30,7,5,243,74,50
Product Manager,Requirements Definition & Management (REQM),13,30,7,5,243,74,50
Product Manager,User Experience Analysis (UNAN),13,20,5,3,243,74,50
Product Manager,User Research (URCH),13,30,5,4,243,74,50
Product Manager,Demand Management (DEMM),13,20,7,2,243,74,50
Product Manager,Stakeholder Relationship Management (RLMT),13,1,5,4,243,74,50
Product Manager,Acceptance Testing (BPTS),13,20,6,5,243,74,50
Product Manager,Change Implementation Planning and Management (CIPM),13,1,7,4,243,74,50
Product Manager,Specialist Advice (TECH),13,1,5,3,243,74,50
QA Analyst,Quality Assurance (QUAS),9,30,6,4,235,55,41
QA Analyst,Service Acceptance (SEAC),9,20,7,3,235,55,41
QA Analyst,Testing (TEST),9,30,7,6,235,55,41
QA Analyst,Quality Management (QUMG),9,20,6,5,235,55,41
QA Analyst,Measurement (MEAS),9,30,4,4,235,55,41
QA Analyst,Requirements Definition & Management (REQM),9,30,7,5,235,55,41
QA Analyst,Information Security (SCTY),9,15,6,5,235,55,41
QA Analyst,Project Management (PRMG),9,30,7,4,235,55,41
QA Analyst,Risk Management (BURM),9,30,5,5,235,55,41
Problem Analyst,Problem Management (PBMG),10,30,6,3,227,61,46
Problem Analyst,Configuration Management (CFMG),10,1,4,5,227,61,46
Problem Analyst,Availability Management (AVMT),10,30,7,3,227,61,46
Problem Analyst,Systems Integration and Building (SINT),10,20,7,5,227,61,46
Problem Analyst,Security Administration (SCAD),10,20,7,6,227,61,46
Problem Analyst,Change Management (CHMG),10,30,6,5,227,61,46
Problem Analyst,Release and Deployment (RELM),10,30,6,4,227,61,46
Problem Analyst,IT Infrastructure (ITOP),10,16,8,5,227,61,46
Problem Analyst,Software Configuration (PORT),10,20,4,4,227,61,46
Problem Analyst,Service Level Management (SLMO),10,30,6,6,227,61,46
Programmer,Programming (PROG),10,30,7,5,227,62,43
Programmer,Database Design (DBDS),10,30,7,3,227,62,43
Programmer,Systems and Software Life Cycle Engineering (SLEN),10,16,7,4,227,62,43
Programmer,Release and Deployment (RELM),10,30,6,4,227,62,43
Programmer,Testing (TEST),10,30,7,6,227,62,43
Programmer,Software Design (SWDN),10,30,5,5,227,62,43
Programmer,Data Modelling and Design (DTAN),10,15,6,4,227,62,43
Programmer,Information Security (SCTY),10,15,6,5,227,62,43
Programmer,Quality Assurance (QUAS),10,30,6,4,227,62,43
Programmer,Specialist Advice (TECH),10,1,5,3,227,62,43
DevOps Engineer,Release and Deployment (RELM),11,30,6,4,199,67,49
DevOps Engineer,Software Configuration (PORT),11,20,4,4,199,67,49
DevOps Engineer,Methods and Tools (METL),11,1,6,4,199,67,49
DevOps Engineer,Systems Integration and Building (SINT),11,20,7,5,199,67,49
DevOps Engineer,Configuration Management (CFMG),11,1,4,5,199,67,49
DevOps Engineer,Change Management (CHMG),11,30,6,5,199,67,49
DevOps Engineer,IT Infrastructure (ITOP),11,16,8,5,199,67,49
DevOps Engineer,Security Administration (SCAD),11,20,7,6,199,67,49
DevOps Engineer,Availability Management (AVMT),11,30,7,3,199,67,49
DevOps Engineer,Programming (PROG),11,30,7,5,199,67,49
DevOps Engineer,Specialist Advice (TECH),11,1,5,3,199,67,49
QA Tester,Testing (TEST),8,30,7,6,191,51,37
QA Tester,Acceptance Testing (BPTS),8,20,6,5,191,51,37
QA Tester,Methods and Tools (METL),8,1,6,4,191,51,37
QA Tester,Quality Assurance (QUAS),8,30,6,4,191,51,37
QA Tester,Requirements Definition & Management (REQM),8,30,7,5,191,51,37
QA Tester,Penetration Testing (PENT),8,20,7,4,191,51,37
QA Tester,Risk Management (BURM),8,30,5,5,191,51,37
QA Tester,Project Management (PRMG),8,30,7,4,191,51,37
Scrum Master,Programming (PROG),10,30,7,5,189,62,41
Scrum Master,Project Management (PRMG),10,30,7,4,189,62,41
Scrum Master,Systems and Software Life Cycle Engineering (SLEN),10,16,7,4,189,62,41
Scrum Master,Requirements Definition & Management (REQM),10,30,7,5,189,62,41
Scrum Master,Stakeholder Relationship Management (RLMT),10,1,5,4,189,62,41
Scrum Master,Methods and Tools (METL),10,1,6,4,189,62,41
Scrum Master,Release and Deployment (RELM),10,30,6,4,189,62,41
Scrum Master,User Experience Evaluation (USEV),10,20,5,5,189,62,41
Scrum Master,Performance Management (PEMT),10,30,7,3,189,62,41
Scrum Master,Specialist Advice (TECH),10,1,5,3,189,62,41
Business Analyst,Requirements Definition & Management (REQM),9,30,7,5,183,50,38
Business Analyst,Stakeholder Relationship Management (RLMT),9,1,5,4,183,50,38
Business Analyst,Software Design (SWDN),9,30,5,5,183,50,38
Business Analyst,Business Process Improvement (BPRE),9,30,6,3,183,50,38
Business Analyst,Business Modelling (BSMO),9,30,7,5,183,50,38
Business Analyst,Feasibility Assessment (FEAS),9,11,7,4,183,50,38
Business Analyst,Risk Management (BURM),9,30,5,5,183,50,38
Business Analyst,Product Management (PROD),9,20,3,4,183,50,38
Business Analyst,Specialist Advice (TECH),9,1,5,3,183,50,38
Performance Engineer,Measurement (MEAS),7,30,4,4,171,41,30
Performance Engineer,Service Level Management (SLMO),7,30,6,6,171,41,30
Performance Engineer,Availability Management (AVMT),7,30,7,3,171,41,30
Performance Engineer,Capacity Management (CPMG),7,30,5,3,171,41,30
Performance Engineer,Continuity Management (COPL),7,20,7,5,171,41,30
Performance Engineer,Testing (TEST),7,30,7,6,171,41,30
Performance Engineer,Specialist Advice (TECH),7,1,5,3,171,41,30
Data Analyst,Programming (PROG),6,30,7,5,168,41,26
Data Analyst,Data Visualization (VISL),6,32,7,3,168,41,26
Data Analyst,Data Engineering (DENG),6,22,7,5,168,41,26
Data Analyst,Data Science (DATS),6,32,7,6,168,41,26
Data Analyst,Data Management (DATM),6,20,7,3,168,41,26
Data Analyst,Business Intelligence (BINT),6,32,6,4,168,41,26
Database Administrator,Database Administration (DBAD),8,30,5,4,162,45,31
Database Administrator,Availability Management (AVMT),8,30,7,3,162,45,31
Database Administrator,Capacity Management (CPMG),8,30,5,3,162,45,31
Database Administrator,Incident Management (USUP),8,20,6,4,162,45,31
Database Administrator,Problem Management (PBMG),8,30,6,3,162,45,31
Database Administrator,Configuration Management (CFMG),8,1,4,5,162,45,31
Database Administrator,Security Administration (SCAD),8,20,7,6,162,45,31
Database Administrator,Specialist Advice (TECH),8,1,5,3,162,45,31
IT Human Capital,Resourcing (RESC),6,30,6,4,149,39,20
IT Human Capital,Performance Management (PEMT),6,30,7,3,149,39,20
IT Human Capital,Learning Design and Development (TMCR),6,30,7,3,149,39,20
IT Human Capital,Professional Development (PDSV),6,28,7,3,149,39,20
IT Human Capital,Competency Assessment (LEDA),6,30,7,4,149,39,20
IT Human Capital,Specialist Advice (TECH),6,1,5,3,149,39,20
Data Scientist,Programming (PROG),5,30,7,5,148,35,24
Data Scientist,Data Science (DATS),5,32,7,6,148,35,24
Data Scientist,Machine Learning (MLNG),5,32,7,5,148,35,24
Data Scientist,Data Visualization (VISL),5,32,7,3,148,35,24
Data Scientist,Data Engineering (DENG),5,22,7,5,148,35,24
Liaison Officer,Content Authoring (INCA),9,20,7,6,133,59,43
Liaison Officer,Content Publishing (ICPM),9,20,6,6,133,59,43
Liaison Officer,Knowledge Management (KNOW),9,29,7,6,133,59,43
Liaison Officer,Methods and Tools (METL),9,1,6,4,133,59,43
Liaison Officer,Application support (ASUP),9,1,7,4,133,59,43
Liaison Officer,Enterprise IT Governance (GOVN),9,30,7,2,133,59,43
Liaison Officer,Asset management (ASMG),9,1,6,5,133,59,43
Liaison Officer,Change Management (CHMG),9,30,6,5,133,59,43
Liaison Officer,Portfolio Programme and Project Support (PROF),9,1,7,5,133,59,43
Liaison Audit,Enterprise IT Governance (GOVN),9,30,7,2,129,50,37
Liaison Audit,Information Governance (IRMG),9,1,8,4,129,50,37
Liaison Audit,Risk Management (BURM),9,30,5,5,129,50,37
Liaison Audit,Stakeholder Relationship Management (RLMT),9,1,5,4,129,50,37
Liaison Audit,Audit (AUDT),9,1,4,5,129,50,37
Liaison Audit,Information Security (SCTY),9,15,6,5,129,50,37
Liaison Audit,Quality Management (QUMG),9,20,6,5,129,50,37
Liaison Audit,Measurement (MEAS),9,30,4,4,129,50,37
Liaison Audit,Specialist Advice (TECH),9,1,5,3,129,50,37
Project Manager,Project Management (PRMG),8,30,7,4,114,49,32
Project Manager,Change Implementation Planning and Management (CIPM),8,1,7,4,114,49,32
Project Manager,Requirements Definition & Management (REQM),8,30,7,5,114,49,32
Project Manager,Stakeholder Relationship Management (RLMT),8,1,5,4,114,49,32
Project Manager,Benefits Management (BENM),8,20,6,2,114,49,32
Project Manager,Risk Management (BURM),8,30,5,5,114,49,32
Project Manager,Portfolio Programme and Project Support (PROF),8,1,7,5,114,49,32
Project Manager,Specialist Advice (TECH),8,1,5,3,114,49,32
Operator,Measurement (MEAS),5,30,4,4,111,29,21
Operator,Application Support (ASUP),5,1,7,4,111,29,21
Operator,Incident Management (USUP),5,20,6,4,111,29,21
Operator,Problem Management (PBMG),5,30,6,3,111,29,21
Operator,Service Level Management (SLMO),5,30,6,6,111,29,21
Technical Support,Application Support (ASUP),6,1,7,4,107,41,27
Technical Support,Incident Management (USUP),6,20,6,4,107,41,27
Technical Support,IT Infrastructure (ITOP),6,16,8,5,107,41,27
Technical Support,Problem Management (PBMG),6,30,6,3,107,41,27
Technical Support,Security Administration (SCAD),6,20,7,6,107,41,27
Technical Support,Systems Integration and Building (SINT),6,20,7,5,107,41,27
Data Engineer,Programming (PROG),4,30,7,5,104,28,16
Data Engineer,Data Engineering (DENG),4,22,7,5,104,28,16
Data Engineer,Data Management (DATM),4,20,7,3,104,28,16
Data Engineer,Data Visualization (VISL),4,32,7,3,104,28,16
CX Designer,User Experience Design (HCEV),5,30,6,4,101,26,19
CX Designer,User Experience Analysis (UNAN),5,20,5,3,101,26,19
CX Designer,User Experience Evaluation (USEV),5,20,5,5,101,26,19
CX Designer,User Research (URCH),5,30,5,4,101,26,19
CX Designer,Specialist Advice (TECH),5,1,5,3,101,26,19
IT Procurement,Sourcing (SORC),4,20,7,6,100,25,22
IT Procurement,Contract Management (ITCM),4,30,5,4,100,25,22
IT Procurement,Supplier Management (SUPP),4,20,7,6,100,25,22
IT Procurement,Service Level Management (SLMO),4,30,6,6,100,25,22
Patch Engineer,Information Security (SCTY),5,15,6,5,86,32,23
Patch Engineer,Security Administration (SCAD),5,20,7,6,86,32,23
Patch Engineer,Penetration Testing (PENT),5,20,7,4,86,32,23
Patch Engineer,Programming (PROG),5,30,7,5,86,32,23
Patch Engineer,Specialist Advice (TECH),5,1,5,3,86,32,23
IT Governance,Enterprise IT Governance (GOVN),4,30,7,2,81,27,16
IT Governance,Risk Management (BURM),4,30,5,5,81,27,16
IT Governance,Information Assurance (INAS),4,20,7,5,81,27,16
IT Governance,Information Governance (IRMG),4,1,8,4,81,27,16